{"cameraMode":{"drawMode":0,"name":"Shaded","section":"Shading Mode"},"sceneLighting":false,"audioPlay":false,"sceneViewState":{"showFog":true,"showMaterialUpdate":false,"showSkybox":false,"showFlares":true,"showImageEffects":true,"showParticleSystems":true},"in2DMode":false,"pivot":{"x":0.0,"y":-0.24734704196453095,"z":-1.1175870895385743e-8},"rotation":{"x":-0.038641732186079028,"y":0.1616365909576416,"z":0.0053804004564881329,"w":0.9865063428878784},"size":1.533974289894104,"orthographic":false}