{"cameraMode":{"drawMode":0,"name":"Shaded","section":"Shading Mode"},"sceneLighting":true,"audioPlay":false,"sceneViewState":{"showFog":true,"showMaterialUpdate":false,"showSkybox":true,"showFlares":true,"showImageEffects":true,"showParticleSystems":true},"in2DMode":false,"pivot":{"x":52.90821838378906,"y":25.79061508178711,"z":307.3645324707031},"rotation":{"x":0.0026208139024674894,"y":-0.991396963596344,"z":-0.01933097280561924,"w":-0.13404041528701783},"size":17.579566955566408,"orthographic":false}